{"cameraMode":{"drawMode":0,"name":"Shaded","section":"Shading Mode"},"sceneLighting":true,"audioPlay":false,"sceneViewState":{"showFog":false,"showMaterialUpdate":false,"showSkybox":false,"showFlares":false,"showImageEffects":false,"showParticleSystems":false},"in2DMode":false,"pivot":{"x":0.3408975601196289,"y":20.84994125366211,"z":2.30279541015625},"rotation":{"x":0.6983697414398193,"y":0.017171340063214303,"z":-0.016764109954237939,"w":0.7153357863426209},"size":11.274105072021485,"orthographic":false}