{"cameraMode":{"drawMode":0,"name":"Shaded","section":"Shading Mode"},"sceneLighting":false,"audioPlay":false,"sceneViewState":{"showFog":false,"showMaterialUpdate":false,"showSkybox":false,"showFlares":false,"showImageEffects":false,"showParticleSystems":false},"in2DMode":false,"pivot":{"x":-29.21795654296875,"y":-5.5406951904296879,"z":-11.884231567382813},"rotation":{"x":-0.0005435924977064133,"y":0.9991252422332764,"z":0.039587877690792087,"w":0.013784900307655335},"size":1.436962366104126,"orthographic":false}